(dp0
S'Young Kil Park'
p1
S'Young Kil Park(ypark7@empal.com)'
p2
sS'Pierre Wattiau'
p3
S'Pierre Wattiau(Pierre.Wattiau@var.fgov.be)'
p4
sS'Wolfgang Beyer'
p5
S'Wolfgang Beyer(wolfgang.beyer@uni-hohenheim.de)'
p6
sS"Maxim Afanas\\'ev"
p7
S"Maxim Afanas\\'ev(afanasev_max@mail.ru)"
p8
sS'Igor Mokrousov'
p9
S'Igor Mokrousov(imokrousov@mail.ru)'
p10
sS'Rafal Gierczynski'
p11
S'Rafal Gierczynski(rgierczynski@pzh.gov.pl)'
p12
sS'Paul Keim'
p13
S'Paul Keim(Paul.Keim@nau.edu)'
p14
sS'Sylvain Godreuil'
p15
S'Sylvain Godreuil(godreuil@yahoo.fr)'
p16
sS'Noelia Alonso-Rodr\xc3\xadguez'
p17
S'Noelia Alonso-Rodr\xc3\xadguez(noelialonsor@yahoo.es)'
p18
sS'Joloba Moses'
p19
S'Joloba Moses(moses.joloba@case.edu)'
p20
sS'Paul Freidlin'
p21
S'Paul Freidlin(paul.freidlin@phlta.health.gov.il)'
p22
sS'Simon Godreuil'
p23
S'Simon Godreuil(s-godreuil@chu-montpellier.fr)'
p24
sS'Ann S G Lee'
p25
S'Ann S G Lee(dmslsg@nccs.com.sg)'
p26
sS'Raoult'
p27
S'Raoult(didier.raoult@gmail.com)'
p28
sS'Frances Jamieson'
p29
S'Frances Jamieson(Frances.Jamieson@oahpp.ca)'
p30
sS'Mikl\xc3\xb3s Gyuranecz'
p31
S'Mikl\xc3\xb3s Gyuranecz(m.gyuranecz@gmail.com)'
p32
sS'R van Mansfeld'
p33
S'R van Mansfeld(R.vanmansfeld@umcutrecht.nl)'
p34
sS'Akiko Okutani'
p35
S'Akiko Okutani(okutani@nih.go.jp)'
p36
sS'Chulhun Chang'
p37
S'Chulhun Chang(cchl@pusan.ac.kr)'
p38
sS'Joachim Frey'
p39
S'Joachim Frey(joachim.frey@vbi.unibe.ch)'
p40
sS'Lukas Fenner'
p41
S'Lukas Fenner(lfenner@ispm.unibe.ch)'
p42
sS'Catherine Arnold'
p43
S'Catherine Arnold(Catherine.Arnold@hpa.org.uk)'
p44
sS'Dick van Soolingen'
p45
S'Dick van Soolingen(D.van.soolingen@rivm.nl)'
p46
sS'Takayuki Wada'
p47
S'Takayuki Wada(taka-wada@city.osaka.lg.jp)'
p48
sS'John Ho'
p49
S'John Ho(jlho@med.cornell.edu)'
p50
sS'Harleen Grewal'
p51
S'Harleen Grewal(Harleen.Grewal@Gades.uib.no)'
p52
sS'Loubna Tazi'
p53
S'Loubna Tazi(lt247@byu.edu)'
p54
sS'Yingyu Chen'
p55
S'Yingyu Chen(chemyly@hotmail.com)'
p56
sS'Jacobus de Waard'
p57
S'Jacobus de Waard(jacobusdeward@gmail.com)'
p58
sS'Hua Wang'
p59
S'Hua Wang(hua@jscdc.cn)'
p60
sS"Maxim Afanas'ev"
p61
S"Maxim Afanas'ev(afanasev_max@mail.ru)"
p62
sS'Sujatha Narayanan'
p63
S'Sujatha Narayanan(sujatha.sujatha36@gmail.com)'
p64
sS'Urska Bidovec-Stojkovic'
p65
S'Urska Bidovec-Stojkovic(urska.bidovec-stojkovic@klinika-golnik.si)'
p66
sS'Isabel Portugal'
p67
S'Isabel Portugal(isabel.portugal@ff.ul.pt)'
p68
sS'Antonio Fasanella'
p69
S'Antonio Fasanella(a.fasanella@izsfg.it)'
p70
sS'R M Warren'
p71
S'R M Warren(rw1@sun.ac.za)'
p72
sS'Karine Laroucau'
p73
S'Karine Laroucau(karine.laroucau@anses.fr)'
p74
sS'Samuel'
p75
S'Samuel(jsamuel@tamu.edu)'
p76
sS'Dario G de Viedma'
p77
S'Dario G de Viedma(dgviedma@microb.net)'
p78
sS'Angkana Chaiprasert'
p79
S'Angkana Chaiprasert(siacp@mahidol.ac.th)'
p80
sS'A Umubyeyi'
p81
S'A Umubyeyi(alainenyaruhirira@hotmail.com)'
p82
sS'Wan Kanglin'
p83
S'Wan Kanglin(klwan1217@163.com)'
p84
sS'Hee-Bok Oh'
p85
S'Hee-Bok Oh(hboh@nih.go.kr)'
p86
sS'Jason Evans'
p87
S'Jason Evans(jason.evans@heartofengland.nhs.uk)'
p88
sS'Gunilla K\xc3\xa4llenius'
p89
S'Gunilla K\xc3\xa4llenius(gunilla.kallenius@ki.se)'
p90
sS'Awewura Kwara'
p91
S'Awewura Kwara(Awewura_Kwara@brown.edu)'
p92
sS'Noelia Alonso-Rodriguez'
p93
S'Noelia Alonso-Rodriguez(noelialonsor@yahoo.es)'
p94
sS'Dissou Affolabi'
p95
S'Dissou Affolabi(affolabi_dissou@yahoo.fr)'
p96
sS'Shiang-Fen Huang'
p97
S'Shiang-Fen Huang(sfhuang.dr@gmail.com)'
p98
sS'Francis Drobniewski'
p99
S'Francis Drobniewski(f.drobniewski@qmul.ac.uk)'
p100
sS'Susanne Homolka'
p101
S'Susanne Homolka(shomolka@fz-borstel.de)'
p102
sS'R. M. Warren'
p103
S'R. M. Warren(rw1@sun.ac.za)'
p104
sS'Gilles Vergnaud'
p105
S'Gilles Vergnaud(gilles.vergnaud@u-psud.fr)'
p106
sS'Markus Antwerpen'
p107
S'Markus Antwerpen(markusantwerpen@bundeswehr.org)'
p108
sS'A Dong Shen'
p109
S'A Dong Shen(shenad@sohu.com)'
p110
sS'Jang-Jih Lu'
p111
S'Jang-Jih Lu(jjl@ndmctsgh.edu.tw)'
p112
sS'Prasit Palittapongarnpim'
p113
S'Prasit Palittapongarnpim(hrm@mail.tainantb.gov.tw)'
p114
sS'Daniele Daffonchio'
p115
S'Daniele Daffonchio(daniele.daffonchio@unimi.it)'
p116
sS'Beatrice Boniotti'
p117
S'Beatrice Boniotti(mariabeatrice.boniotti@bs.izs.it)'
p118
sS'Jeroen Tilburg'
p119
S'Jeroen Tilburg(j.tilburg@cwz.nl)'
p120
sS'Tomotada Iwamoto'
p121
S'Tomotada Iwamoto(kx2t-iwmt@asahi-net.or.jp)'
p122
sS'Nalin Rastogi'
p123
S'Nalin Rastogi(nrastogi@pasteur-guadeloupe.fr)'
p124
sS'Chuanyou Li'
p125
S'Chuanyou Li(lichuanyou6688@hotmail.com)'
p126
sS'Kirnpal Kaur Banga Singh'
p127
S'Kirnpal Kaur Banga Singh(kiren@kck.usm.my)'
p128
sS'Sang-Nae Cho'
p129
S'Sang-Nae Cho(raycho@yuhs.ac)'
p130
sS'Carlo Garzelli'
p131
S'Carlo Garzelli(garzelli@biomed.unipi.it)'
p132
sS'Andrea Von Groll'
p133
S'Andrea Von Groll(avongroll@itg.be)'
p134
sS'Rosilene Fressatti Cardoso'
p135
S'Rosilene Fressatti Cardoso(rfcardoso@uem.br)'
p136
sS'Sofia Samper'
p137
S'Sofia Samper(ssamper.iacs@aragon.es)'
p138
sS'Christine Pourcel'
p139
S'Christine Pourcel(christine.pourcel@u-psud.fr)'
p140
sS'Mesut Ortatatli'
p141
S'Mesut Ortatatli(mortatatli@gata.edu.tr)'
p142
sS'Chanda Mulenga'
p143
S'Chanda Mulenga(chandamulenga@yahoo.com)'
p144
sS'Nadya Markova'
p145
S'Nadya Markova(nadya.markova@gmail.com)'
p146
sS'Heinzen'
p147
S'Heinzen(rheinzen@niaid.nih.gov)'
p148
sS'Isdore Chola Shamputa'
p149
S'Isdore Chola Shamputa(icshamputa@itg.be)'
p150
sS'James T. Douglas'
p151
S'James T. Douglas(jtd379@gmail.com)'
p152
sS'Patricia P. Wilkins'
p153
S'Patricia P. Wilkins(PWilkins@cdc.gov)'
p154
sS'Lenie Dijkshoorn'
p155
S'Lenie Dijkshoorn(l.dijkshoorn@lumc.nl)'
p156
sS'Mohammad Asgharzadeh'
p157
S'Mohammad Asgharzadeh(asgharzadehmo@yahoo.com)'
p158
sS'Sergey Kovalev'
p159
S'Sergey Kovalev(sergey.kovalev@usu.ru)'
p160
sS'Gunilla Kallenius'
p161
S'Gunilla Kallenius(gunilla.kallenius@ki.se)'
p162
sS'Jack T Crawford'
p163
S'Jack T Crawford(JCrawford@cdc.gov)'
p164
sS'Chad Stratilo'
p165
S'Chad Stratilo(Chad.Stratilo@drdc-rddc.gc.ca)'
p166
sS'Shinji Maeda'
p167
S'Shinji Maeda(maeda@jata.or.jp)'
p168
sS'Martin Hugh-Jones'
p169
S'Martin Hugh-Jones(mehj@vetmed.lsu.edu)'
p170
sS'Sayera Banu'
p171
S'Sayera Banu(sbanu@icddrb.org)'
p172
sS'Simon Sunder'
p173
S'Simon Sunder(simsunder@hotmail.fr)'
p174
sS'Ann S. G. Lee'
p175
S'Ann S. G. Lee(dmslsg@nccs.com.sg)'
p176
sS'Jack T. Crawford'
p177
S'Jack T. Crawford(JCrawford@cdc.gov)'
p178
sS'Alicia Aranaz'
p179
S'Alicia Aranaz(alaranaz@vet.ucm.es)'
p180
sS'Fran\xc3\xa7oise Portaels'
p181
S'Fran\xc3\xa7oise Portaels(portaels@itg.be)'
p182
sS'Kym Blackwood'
p183
S'Kym Blackwood(kym_blackwood@hc-sc.gc.ca)'
p184
sS'Qian Gao'
p185
S'Qian Gao(qgao99@yahoo.com)'
p186
sS'Siguo Liu'
p187
S'Siguo Liu(siguo_liu@yahoo.com.cn)'
p188
sS'Yanlin Zhao'
p189
S'Yanlin Zhao(zhaoyanlin@chinatb.org)'
p190
sS'Roberta Creti'
p191
S'Roberta Creti(roberta.creti@iss.it)'
p192
sS'Tomasz Chmielewski'
p193
S'Tomasz Chmielewski(tchmielewski@pzh.gov.pl)'
p194
sS'Yong Jiang Sun'
p195
S'Yong Jiang Sun(Yong_Jiang_Sun@ttsh.com.sg)'
p196
sS'Christophe Sola'
p197
S'Christophe Sola(christophe.sola@u-psud.fr)'
p198
sS'Dar\xc3\xado G de Viedma'
p199
S'Dar\xc3\xado G de Viedma(dgviedma2@gmail.com)'
p200
sS'Giuliano Garofolo'
p201
S'Giuliano Garofolo(ggarofolo@libero.it)'
p202
sS'Vincent Perreten'
p203
S'Vincent Perreten(vincent.perreten@vbi.unibe.ch)'
p204
sS'David Christiany'
p205
S'David Christiany(david.christiany@i2bc.paris-saclay.fr)'
p206
sS'Cristina Gutierrez'
p207
S'Cristina Gutierrez(crisgupe@pasteur.fr)'
p208
sS'James T Douglas'
p209
S'James T Douglas(jtd379@gmail.com)'
p210
sS'Maryse Fauville-Dufaux'
p211
S'Maryse Fauville-Dufaux(mfauville@pasteur.be)'
p212
sS'A. Umubyeyi'
p213
S'A. Umubyeyi(alainenyaruhirira@hotmail.com)'
p214
sS'Philip Supply'
p215
S'Philip Supply(Philip.Supply@pasteur-lille.fr)'
p216
sS'Francoise Portaels'
p217
S'Francoise Portaels(portaels@itg.be)'
p218
sS'Angelo Mazzaglia'
p219
S'Angelo Mazzaglia(angmazza@unitus.it)'
p220
sS'Howard Takiff'
p221
S'Howard Takiff(htakiff@ivic.ve)'
p222
sS'Muayad A. Merza'
p223
S'Muayad A. Merza(muayadfaily@yahoo.com)'
p224
sS'Peter Hawkey'
p225
S'Peter Hawkey(peter.hawkey@heartsol.wmids.nhs.uk)'
p226
sS'Sara Christianson'
p227
S'Sara Christianson(sara_christianson@phac-aspc.gc.ca)'
p228
sS'Alex R. Hoffmaster'
p229
S'Alex R. Hoffmaster(amh9@cdc.gov)'
p230
sS'Henk van Deutekom'
p231
S'Henk van Deutekom(hvdeutekom@gggd.amsterdam.nl)'
p232
sS'Jorge Gonzalez-y-Merchand'
p233
S'Jorge Gonzalez-y-Merchand(jgonzal1212@hotmail.com)'
p234
sS'Riza Durmaz'
p235
S'Riza Durmaz(rizadurmaz@ymail.com)'
p236
sS'Clifton Barry'
p237
S'Clifton Barry(cbarry@mail.nih.gov)'
p238
sS'Ruay-Ming Huang'
p239
S'Ruay-Ming Huang(hrm@mail.tainantb.gov.tw)'
p240
s.